entry,Level of Study,College,Mode of Study,Sex,Location,Library Form,Score,Level of Awarenes,library utilization
student 1,Degree,COANRE,Full-Time,Male,Off-Campus,"Digital/ Online (e-books, e-journals etc)",6,Low,Rarely (1-3 times)
student 2,Degree,COETEC,Full-Time,Male,Off-Campus,"Physical/ Tangible (books, newspapers,journals)",6,Low,Rarely (1-3 times)
student 3,Diploma,COANRE,Full-Time,Female,On-campus,"Physical/ Tangible (books, newspapers,journals)",12,Moderate,Sometimes (4-7 times)
student 4,Degree,COPAS,Full-Time,Male,Outside of Campus,"Physical/ Tangible (books, newspapers,journals)",6,Low,Rarely (1-3 times)
student 5,Degree,COPAS,Full-Time,Male,Outside of Campus,"Digital/ Online (e-books, e-journals etc)",6,Low,Rarely (1-3 times)
student 6,Degree,COETEC,Full-Time,Male,Outside of Campus,"Digital/ Online (e-books, e-journals etc)",6,Low,Rarely (1-3 times)
student 7,Degree,COPAS,Full-Time,Female,Outside of Campus,"Digital/ Online (e-books, e-journals etc)",6,Low,Rarely (1-3 times)
student 8,Degree,COHES,Full-Time,Male,Outside of Campus,"Digital/ Online (e-books, e-journals etc)",10,Moderate,Rarely (1-3 times)
student 9,Degree,COETEC,Part-Time,Male,Outside of Campus,"Digital/ Online (e-books, e-journals etc)",16,High,Rarely (1-3 times)
student 10,Degree,COPAS,Full-Time,Female,Within/ in school campus,"Digital/ Online (e-books, e-journals etc)",14,High,Rarely (1-3 times)
student 11,Degree,COPAS,Full-Time,Female,Outside of Campus,"Physical/ Tangible (books, newspapers,journals)",12,Moderate,Rarely (1-3 times)
student 12,Degree,COPAS,Full-Time,Female,Outside of Campus,"Physical/ Tangible (books, newspapers,journals)",8,Moderate,Rarely (1-3 times)
student 13,Degree,COPAS,Full-Time,Female,Outside of Campus,"Digital/ Online (e-books, e-journals etc)",14,High,Rarely (1-3 times)
student 14,Degree,COPAS,Full-Time,Male,Outside of Campus,"Physical/ Tangible (books, newspapers,journals)",8,Moderate,Rarely (1-3 times)
student 15,Degree,COPAS,Full-Time,Female,Outside of Campus,"Physical/ Tangible (books, newspapers,journals)",10,Moderate,Rarely (1-3 times)
student 16,Degree,COHRED,Full-Time,Female,Outside of Campus,"Physical/ Tangible (books, newspapers,journals)",14,High,Sometimes (4-7 times)
student 17,Degree,COPAS,Full-Time,Male,Outside of Campus,"Digital/ Online (e-books, e-journals etc)",4,Low,Sometimes (4-7 times)
student 18,Diploma,COHRED,Part-Time,Female,Outside of Campus,"Physical/ Tangible (books, newspapers,journals)",6,Low,Rarely (1-3 times)
student 19,Degree,COHRED,Full-Time,Male,Within/ in school campus,"Physical/ Tangible (books, newspapers,journals)",12,Moderate,Sometimes (4-7 times)
student 20,Diploma,COHRED,Part-Time,Male,Outside of Campus,"Physical/ Tangible (books, newspapers,journals)",4,Low,Sometimes (4-7 times)
student 21,Degree,COHRED,Full-Time,Female,Outside of Campus,"Physical/ Tangible (books, newspapers,journals)",14,High,Sometimes (4-7 times)
student 22,Degree,COPAS,Full-Time,Female,Outside of Campus,"Digital/ Online (e-books, e-journals etc)",14,High,Rarely (1-3 times)
student 23,Degree,COPAS,Full-Time,Female,Outside of Campus,,4,Low,Rarely (1-3 times)
student 24,Diploma,COHRED,Full-Time,Male,Within/ in school campus,"Physical/ Tangible (books, newspapers,journals)",18,High,Frequently (more than 7 times)
student 25,Degree,COETEC,Full-Time,Male,Outside of Campus,"Physical/ Tangible (books, newspapers,journals)",16,High,Rarely (1-3 times)
student 26,Degree,COHES,Full-Time,Male,Outside of Campus,"Physical/ Tangible (books, newspapers,journals)",18,High,Sometimes (4-7 times)
student 27,Degree,COHES,Full-Time,Male,Outside of Campus,"Digital/ Online (e-books, e-journals etc)",10,Moderate,Rarely (1-3 times)
student 28,Degree,COETEC,Full-Time,Female,Within/ in school campus,"Physical/ Tangible (books, newspapers,journals)",16,High,Sometimes (4-7 times)
student 29,Diploma,COHRED,Full-Time,Male,Outside of Campus,"Digital/ Online (e-books, e-journals etc)",16,High,Rarely (1-3 times)
student 30,Diploma,COPAS,Full-Time,Female,Outside of Campus,"Digital/ Online (e-books, e-journals etc)",18,High,Rarely (1-3 times)
student 31,Degree,COHES,Full-Time,Male,Within/ in school campus,"Physical/ Tangible (books, newspapers,journals)",10,Moderate,Sometimes (4-7 times)
student 32,Degree,COETEC,Full-Time,Male,Within/ in school campus,"Digital/ Online (e-books, e-journals etc)",8,Moderate,Rarely (1-3 times)
student 33,Degree,COETEC,Full-Time,Male,Within/ in school campus,"Digital/ Online (e-books, e-journals etc)",16,High,Rarely (1-3 times)
student 34,Degree,COHRED,Full-Time,Male,Within/ in school campus,"Physical/ Tangible (books, newspapers,journals)",14,High,Rarely (1-3 times)
student 35,Diploma,COANRE,Part-Time,Female,Outside of Campus,"Physical/ Tangible (books, newspapers,journals)",8,Moderate,Sometimes (4-7 times)
student 36,Degree,COETEC,Full-Time,Male,Outside of Campus,"Digital/ Online (e-books, e-journals etc)",12,Moderate,Rarely (1-3 times)
student 37,Degree,COHRED,Full-Time,Male,Within/ in school campus,"Physical/ Tangible (books, newspapers,journals)",14,High,Rarely (1-3 times)
student 38,Degree,COETEC,Full-Time,Male,Outside of Campus,"Digital/ Online (e-books, e-journals etc)",6,Low,Sometimes (4-7 times)
student 39,Degree,COANRE,Full-Time,Male,Within/ in school campus,"Physical/ Tangible (books, newspapers,journals)",10,Moderate,Sometimes (4-7 times)
student 40,Diploma,COANRE,Full-Time,Female,Outside of Campus,"Digital/ Online (e-books, e-journals etc)",18,High,Rarely (1-3 times)
student 41,Degree,COETEC,Full-Time,Female,Outside of Campus,"Physical/ Tangible (books, newspapers,journals)",14,High,Sometimes (4-7 times)
student 42,Diploma,COANRE,Part-Time,Male,Outside of Campus,"Digital/ Online (e-books, e-journals etc)",18,High,Rarely (1-3 times)
student 43,Degree,COANRE,Full-Time,Female,Outside of Campus,"Digital/ Online (e-books, e-journals etc)",10,Moderate,Sometimes (4-7 times)
student 44,Degree,COHES,Full-Time,Female,Within/ in school campus,"Physical/ Tangible (books, newspapers,journals)",12,Moderate,Frequently (more than 7 times)
student 45,Degree,COPAS,Full-Time,Female,Within/ in school campus,"Physical/ Tangible (books, newspapers,journals)",8,Moderate,Rarely (1-3 times)
student 46,Degree,COETEC,Full-Time,Male,Within/ in school campus,"Physical/ Tangible (books, newspapers,journals)",8,Moderate,Sometimes (4-7 times)
student 47,Degree,COHRED,Part-Time,Male,Outside of Campus,"Digital/ Online (e-books, e-journals etc)",4,Low,Rarely (1-3 times)
student 48,Degree,COETEC,Full-Time,Female,Outside of Campus,"Physical/ Tangible (books, newspapers,journals)",8,Moderate,Sometimes (4-7 times)
student 49,PhD,COPAS,Full-Time,Male,Outside of Campus,"Digital/ Online (e-books, e-journals etc)",12,Moderate,Rarely (1-3 times)
student 50,Degree,COPAS,Full-Time,Male,Outside of Campus,"Digital/ Online (e-books, e-journals etc)",6,Low,Sometimes (4-7 times)
student 51,Degree,COHES,Full-Time,Female,Within/ in school campus,"Physical/ Tangible (books, newspapers,journals)",16,High,Frequently (more than 7 times)
student 52,Diploma,COHRED,Part-Time,Male,Outside of Campus,"Digital/ Online (e-books, e-journals etc)",8,Moderate,Rarely (1-3 times)
student 53,Degree,COANRE,Full-Time,Female,Outside of Campus,"Digital/ Online (e-books, e-journals etc)",8,Moderate,Rarely (1-3 times)
student 54,Degree,COETEC,Full-Time,Male,Within/ in school campus,"Physical/ Tangible (books, newspapers,journals)",12,Moderate,Sometimes (4-7 times)
student 55,Diploma,COPAS,Part-Time,Female,Outside of Campus,"Physical/ Tangible (books, newspapers,journals)",8,Moderate,Rarely (1-3 times)
student 56,Degree,COHES,Full-Time,Female,Outside of Campus,"Physical/ Tangible (books, newspapers,journals)",12,Moderate,Frequently (more than 7 times)
student 57,Masters,COHRED,Part-Time,Male,Outside of Campus,"Digital/ Online (e-books, e-journals etc)",14,High,Sometimes (4-7 times)
student 58,Degree,COANRE,Full-Time,Female,Within/ in school campus,"Physical/ Tangible (books, newspapers,journals)",6,Low,Rarely (1-3 times)
student 59,Degree,COETEC,Full-Time,Female,Outside of Campus,"Physical/ Tangible (books, newspapers,journals)",10,Moderate,Sometimes (4-7 times)
student 60,Diploma,COANRE,Part-Time,Female,Outside of Campus,"Digital/ Online (e-books, e-journals etc)",10,Moderate,Rarely (1-3 times)
student 61,Degree,COHRED,Full-Time,Female,Outside of Campus,"Digital/ Online (e-books, e-journals etc)",10,Moderate,Sometimes (4-7 times)
student 62,Degree,COETEC,Full-Time,Male,Within/ in school campus,"Physical/ Tangible (books, newspapers,journals)",6,Low,Rarely (1-3 times)
student 63,Diploma,COPAS,Full-Time,Female,Outside of Campus,"Digital/ Online (e-books, e-journals etc)",10,Moderate,Sometimes (4-7 times)
student 64,Degree,COHRED,Full-Time,Male,Within/ in school campus,"Physical/ Tangible (books, newspapers,journals)",4,Low,Rarely (1-3 times)
student 65,Diploma,COANRE,Part-Time,Female,Outside of Campus,"Digital/ Online (e-books, e-journals etc)",10,Moderate,Sometimes (4-7 times)
student 66,Degree,COHES,Full-Time,Female,Outside of Campus,"Physical/ Tangible (books, newspapers,journals)",14,High,Frequently (more than 7 times)
student 67,Diploma,COANRE,Part-Time,Male,Outside of Campus,"Digital/ Online (e-books, e-journals etc)",6,Low,Rarely (1-3 times)
student 68,Degree,COPAS,Full-Time,Male,Within/ in school campus,"Physical/ Tangible (books, newspapers,journals)",14,High,Sometimes (4-7 times)
student 69,Degree,COHRED,Full-Time,Female,Outside of Campus,"Physical/ Tangible (books, newspapers,journals)",10,Moderate,Rarely (1-3 times)
student 70,Degree,COANRE,Full-Time,Female,Within/ in school campus,"Physical/ Tangible (books, newspapers,journals)",12,Moderate,Sometimes (4-7 times)
student 71,Degree,COPAS,Full-Time,Female,Outside of Campus,"Digital/ Online (e-books, e-journals etc)",4,Low,Rarely (1-3 times)
student 72,Degree,COPAS,Full-Time,Female,Outside of Campus,"Digital/ Online (e-books, e-journals etc)",16,High,Rarely (1-3 times)
student 73,Diploma,COANRE,Full-Time,Female,Outside of Campus,"Digital/ Online (e-books, e-journals etc)",6,Low,Rarely (1-3 times)
student 74,Degree,COETEC,Full-Time,Female,Within/ in school campus,"Digital/ Online (e-books, e-journals etc)",6,Low,Rarely (1-3 times)
student 75,Diploma,COETEC,Part-Time,Female,Outside of Campus,"Digital/ Online (e-books, e-journals etc)",14,High,Rarely (1-3 times)
student 76,Degree,COHRED,Full-Time,Male,Outside of Campus,"Digital/ Online (e-books, e-journals etc)",4,Low,Rarely (1-3 times)
student 77,Degree,COPAS,Full-Time,Male,Within/ in school campus,"Physical/ Tangible (books, newspapers,journals)",10,Moderate,Sometimes (4-7 times)
student 78,Degree,COPAS,Full-Time,Male,Outside of Campus,"Digital/ Online (e-books, e-journals etc)",6,Low,Rarely (1-3 times)
student 79,Degree,COPAS,Full-Time,Female,Within/ in school campus,"Physical/ Tangible (books, newspapers,journals)",14,High,Sometimes (4-7 times)
student 80,Degree,COHES,Full-Time,Male,Within/ in school campus,"Physical/ Tangible (books, newspapers,journals)",14,High,Frequently (more than 7 times)
student 81,Degree,COETEC,Full-Time,Male,Outside of Campus,"Digital/ Online (e-books, e-journals etc)",14,High,Sometimes (4-7 times)
student 82,Degree,COETEC,Full-Time,Male,Outside of Campus,"Digital/ Online (e-books, e-journals etc)",8,Moderate,Sometimes (4-7 times)
student 83,Diploma,COHRED,Full-Time,Female,Outside of Campus,"Digital/ Online (e-books, e-journals etc)",4,Low,Rarely (1-3 times)
student 84,Diploma,COHES,Full-Time,Female,Within/ in school campus,"Physical/ Tangible (books, newspapers,journals)",12,Moderate,Sometimes (4-7 times)
student 85,Degree,COPAS,Full-Time,Male,Within/ in school campus,"Physical/ Tangible (books, newspapers,journals)",14,High,Sometimes (4-7 times)
student 86,Degree,COETEC,Full-Time,Female,Within/ in school campus,"Physical/ Tangible (books, newspapers,journals)",6,Low,Rarely (1-3 times)
student 87,Degree,COHES,Full-Time,Male,Outside of Campus,"Physical/ Tangible (books, newspapers,journals)",10,Moderate,Rarely (1-3 times)
student 88,Degree,COETEC,Full-Time,Male,Within/ in school campus,"Physical/ Tangible (books, newspapers,journals)",14,High,Sometimes (4-7 times)
student 89,Degree,COETEC,Full-Time,Female,Within/ in school campus,"Physical/ Tangible (books, newspapers,journals)",6,Low,Rarely (1-3 times)
student 90,Degree,COANRE,Full-Time,Female,Within/ in school campus,"Digital/ Online (e-books, e-journals etc)",6,Low,Rarely (1-3 times)
student 91,Degree,COANRE,Full-Time,Male,Outside of Campus,"Digital/ Online (e-books, e-journals etc)",4,Low,Rarely (1-3 times)
student 92,Degree,COHES,Full-Time,Male,Within/ in school campus,"Physical/ Tangible (books, newspapers,journals)",10,Moderate,Sometimes (4-7 times)
student 93,Diploma,COETEC,Full-Time,Male,Outside of Campus,"Digital/ Online (e-books, e-journals etc)",6,Low,Sometimes (4-7 times)
student 94,Diploma,COHRED,Part-Time,Female,Outside of Campus,"Digital/ Online (e-books, e-journals etc)",6,Low,Rarely (1-3 times)
student 95,Degree,COETEC,Full-Time,Male,Outside of Campus,"Digital/ Online (e-books, e-journals etc)",12,Moderate,Frequently (more than 7 times)
student 96,Degree,COETEC,Full-Time,Female,Outside of Campus,"Digital/ Online (e-books, e-journals etc)",4,Low,Sometimes (4-7 times)
student 97,Degree,COETEC,Full-Time,Female,Within/ in school campus,"Digital/ Online (e-books, e-journals etc)",16,High,Sometimes (4-7 times)
student 98,Degree,COPAS,Full-Time,Female,Within/ in school campus,"Digital/ Online (e-books, e-journals etc)",18,High,Sometimes (4-7 times)
student 99,Diploma,COHRED,Full-Time,Female,Within/ in school campus,"Physical/ Tangible (books, newspapers,journals)",8,Moderate,Frequently (more than 7 times)
student 100,Degree,COANRE,Full-Time,Male,Outside of Campus,"Physical/ Tangible (books, newspapers,journals)",16,High,Sometimes (4-7 times)
student 101,Degree,COETEC,Full-Time,Male,Within/ in school campus,"Digital/ Online (e-books, e-journals etc)",16,High,Frequently (more than 7 times)
student 102,Diploma,COHRED,Part-Time,Male,Outside of Campus,"Digital/ Online (e-books, e-journals etc)",12,Moderate,Sometimes (4-7 times)
student 103,Degree,COETEC,Full-Time,Male,Outside of Campus,"Digital/ Online (e-books, e-journals etc)",12,Moderate,Sometimes (4-7 times)
student 104,Diploma,COHRED,Part-Time,Male,Outside of Campus,"Physical/ Tangible (books, newspapers,journals)",4,Low,Rarely (1-3 times)
student 105,Degree,COHES,Full-Time,Female,Within/ in school campus,"Physical/ Tangible (books, newspapers,journals)",14,High,Sometimes (4-7 times)
student 106,Degree,COHES,Full-Time,Male,Outside of Campus,"Physical/ Tangible (books, newspapers,journals)",14,High,Frequently (more than 7 times)
student 107,Degree,COHES,Full-Time,Male,Within/ in school campus,"Digital/ Online (e-books, e-journals etc)",10,Moderate,Sometimes (4-7 times)
student 108,Degree,COHES,Full-Time,Female,Outside of Campus,"Physical/ Tangible (books, newspapers,journals)",14,High,Frequently (more than 7 times)
student 109,Diploma,COANRE,Full-Time,Female,Outside of Campus,"Digital/ Online (e-books, e-journals etc)",8,Moderate,Sometimes (4-7 times)
student 110,Degree,COETEC,Full-Time,Female,Within/ in school campus,"Physical/ Tangible (books, newspapers,journals)",12,Moderate,Sometimes (4-7 times)
student 111,Masters,COANRE,Part-Time,Male,Outside of Campus,"Digital/ Online (e-books, e-journals etc)",16,High,Frequently (more than 7 times)
student 112,Degree,COETEC,Full-Time,Female,Outside of Campus,"Digital/ Online (e-books, e-journals etc)",12,Moderate,Sometimes (4-7 times)
student 113,Degree,COANRE,Full-Time,Male,Within/ in school campus,"Physical/ Tangible (books, newspapers,journals)",8,Moderate,Rarely (1-3 times)
student 114,Degree,COANRE,Full-Time,Female,Outside of Campus,"Digital/ Online (e-books, e-journals etc)",10,Moderate,Rarely (1-3 times)
student 115,Degree,COHRED,Full-Time,Male,Outside of Campus,"Physical/ Tangible (books, newspapers,journals)",12,Moderate,Rarely (1-3 times)
student 116,Degree,COHRED,Full-Time,Male,Within/ in school campus,"Physical/ Tangible (books, newspapers,journals)",8,Moderate,Rarely (1-3 times)
student 117,Degree,COPAS,Full-Time,Female,Outside of Campus,"Physical/ Tangible (books, newspapers,journals)",8,Moderate,Sometimes (4-7 times)
student 118,Degree,COETEC,Full-Time,Female,Outside of Campus,"Digital/ Online (e-books, e-journals etc)",12,Moderate,Sometimes (4-7 times)
student 119,Diploma,COHRED,Part-Time,Female,Outside of Campus,"Digital/ Online (e-books, e-journals etc)",12,Moderate,Sometimes (4-7 times)
student 120,Diploma,COANRE,Part-Time,Male,Outside of Campus,"Physical/ Tangible (books, newspapers,journals)",10,Moderate,Rarely (1-3 times)
student 121,Degree,COANRE,Full-Time,Male,Within/ in school campus,"Digital/ Online (e-books, e-journals etc)",10,Moderate,Sometimes (4-7 times)
student 122,Degree,COANRE,Full-Time,Female,Outside of Campus,"Physical/ Tangible (books, newspapers,journals)",10,Moderate,Sometimes (4-7 times)
student 123,Degree,COETEC,Full-Time,Female,Within/ in school campus,"Physical/ Tangible (books, newspapers,journals)",4,Low,Rarely (1-3 times)
student 124,Degree,COHRED,Full-Time,Female,Outside of Campus,"Digital/ Online (e-books, e-journals etc)",12,Moderate,Rarely (1-3 times)
student 125,Masters,COETEC,Part-Time,Male,Outside of Campus,"Digital/ Online (e-books, e-journals etc)",12,Moderate,Sometimes (4-7 times)
student 126,Diploma,COETEC,Full-Time,Male,Within/ in school campus,"Physical/ Tangible (books, newspapers,journals)",8,Moderate,Rarely (1-3 times)
student 127,Degree,COETEC,Full-Time,Male,Outside of Campus,"Digital/ Online (e-books, e-journals etc)",12,Moderate,Sometimes (4-7 times)
student 128,Degree,COETEC,Full-Time,Male,Outside of Campus,"Digital/ Online (e-books, e-journals etc)",14,High,Sometimes (4-7 times)
student 129,Diploma,COETEC,Part-Time,Male,Outside of Campus,"Digital/ Online (e-books, e-journals etc)",6,Low,Rarely (1-3 times)
student 130,Degree,COETEC,Full-Time,Male,Outside of Campus,"Physical/ Tangible (books, newspapers,journals)",14,High,Frequently (more than 7 times)
student 131,Degree,COETEC,Full-Time,Female,Within/ in school campus,"Digital/ Online (e-books, e-journals etc)",18,High,Sometimes (4-7 times)
student 132,Degree,COETEC,Full-Time,Male,Within/ in school campus,"Physical/ Tangible (books, newspapers,journals)",18,High,Frequently (more than 7 times)
student 133,Degree,COETEC,Full-Time,Male,Outside of Campus,"Digital/ Online (e-books, e-journals etc)",14,High,Sometimes (4-7 times)
student 134,Diploma,COETEC,Part-Time,Female,Outside of Campus,"Digital/ Online (e-books, e-journals etc)",4,Low,Rarely (1-3 times)
student 135,Degree,COETEC,Full-Time,Male,Within/ in school campus,"Digital/ Online (e-books, e-journals etc)",6,Low,Sometimes (4-7 times)
student 136,Degree,COETEC,Full-Time,Male,Outside of Campus,"Physical/ Tangible (books, newspapers,journals)",10,Moderate,Sometimes (4-7 times)
student 137,Degree,COETEC,Full-Time,Male,Outside of Campus,"Digital/ Online (e-books, e-journals etc)",14,High,Frequently (more than 7 times)
student 138,Degree,COETEC,Full-Time,Male,Outside of Campus,"Physical/ Tangible (books, newspapers,journals)",14,High,Frequently (more than 7 times)
student 139,Degree,COETEC,Part-Time,Female,Outside of Campus,"Digital/ Online (e-books, e-journals etc)",4,Low,Rarely (1-3 times)
student 140,Degree,COETEC,Full-Time,Male,Within/ in school campus,"Physical/ Tangible (books, newspapers,journals)",16,High,Sometimes (4-7 times)
student 141,Degree,COETEC,Full-Time,Female,Outside of Campus,"Physical/ Tangible (books, newspapers,journals)",14,High,Sometimes (4-7 times)
student 142,Diploma,COETEC,Full-Time,Male,Outside of Campus,"Digital/ Online (e-books, e-journals etc)",16,High,Rarely (1-3 times)
student 143,Degree,COETEC,Full-Time,Female,Outside of Campus,"Physical/ Tangible (books, newspapers,journals)",16,High,Sometimes (4-7 times)
student 144,Degree,COETEC,Full-Time,Male,Outside of Campus,"Digital/ Online (e-books, e-journals etc)",10,Moderate,Rarely (1-3 times)
student 145,Degree,COETEC,Full-Time,Male,Within/ in school campus,"Physical/ Tangible (books, newspapers,journals)",16,High,Frequently (more than 7 times)
student 146,Degree,COETEC,Full-Time,Male,Outside of Campus,"Digital/ Online (e-books, e-journals etc)",0,Low,Sometimes (4-7 times)
student 147,Degree,COETEC,Full-Time,Male,Within/ in school campus,"Physical/ Tangible (books, newspapers,journals)",14,High,Sometimes (4-7 times)
student 148,Degree,COETEC,Full-Time,Female,Within/ in school campus,"Physical/ Tangible (books, newspapers,journals)",18,High,Rarely (1-3 times)
student 149,Degree,COETEC,Full-Time,Male,Outside of Campus,"Digital/ Online (e-books, e-journals etc)",14,High,Frequently (more than 7 times)
student 150,Degree,COETEC,Full-Time,Male,Outside of Campus,"Physical/ Tangible (books, newspapers,journals)",16,High,Sometimes (4-7 times)
student 151,Degree,COETEC,Full-Time,Female,Outside of Campus,"Digital/ Online (e-books, e-journals etc)",18,High,Sometimes (4-7 times)
student 152,Degree,COETEC,Full-Time,Female,Within/ in school campus,"Physical/ Tangible (books, newspapers,journals)",18,High,Frequently (more than 7 times)
student 153,Degree,COETEC,Full-Time,Male,Outside of Campus,"Digital/ Online (e-books, e-journals etc)",16,High,Sometimes (4-7 times)
student 154,Degree,COETEC,Full-Time,Female,Within/ in school campus,"Physical/ Tangible (books, newspapers,journals)",14,High,Frequently (more than 7 times)
student 155,Degree,COETEC,Full-Time,Male,Outside of Campus,"Digital/ Online (e-books, e-journals etc)",16,High,Rarely (1-3 times)
student 156,Degree,COETEC,Full-Time,Male,Outside of Campus,"Physical/ Tangible (books, newspapers,journals)",14,High,Frequently (more than 7 times)
student 157,Degree,COETEC,Full-Time,Male,Outside of Campus,"Digital/ Online (e-books, e-journals etc)",18,High,Rarely (1-3 times)
student 158,Degree,COETEC,Full-Time,Male,Within/ in school campus,"Physical/ Tangible (books, newspapers,journals)",16,High,Rarely (1-3 times)
student 159,Degree,COETEC,Full-Time,Male,Outside of Campus,"Digital/ Online (e-books, e-journals etc)",6,Low,Rarely (1-3 times)
student 160,Degree,COETEC,Full-Time,Female,Within/ in school campus,"Physical/ Tangible (books, newspapers,journals)",18,High,Frequently (more than 7 times)
student 161,Degree,COETEC,Full-Time,Male,Outside of Campus,"Digital/ Online (e-books, e-journals etc)",16,High,Frequently (more than 7 times)
student 162,Degree,COETEC,Full-Time,Male,Outside of Campus,"Physical/ Tangible (books, newspapers,journals)",18,High,Sometimes (4-7 times)
student 163,Degree,COETEC,Full-Time,Male,Within/ in school campus,"Physical/ Tangible (books, newspapers,journals)",16,High,Sometimes (4-7 times)
student 164,Degree,COETEC,Full-Time,Male,Outside of Campus,"Physical/ Tangible (books, newspapers,journals)",10,Moderate,Sometimes (4-7 times)
student 165,Degree,COETEC,Full-Time,Female,Within/ in school campus,"Digital/ Online (e-books, e-journals etc)",16,High,Frequently (more than 7 times)
student 166,Degree,COETEC,Full-Time,Male,Outside of Campus,"Digital/ Online (e-books, e-journals etc)",6,Low,Rarely (1-3 times)
student 167,Degree,COETEC,Full-Time,Female,Outside of Campus,"Digital/ Online (e-books, e-journals etc)",8,Moderate,Rarely (1-3 times)
student 168,Degree,COETEC,Full-Time,Male,Outside of Campus,"Physical/ Tangible (books, newspapers,journals)",18,High,Sometimes (4-7 times)
student 169,Diploma,COETEC,Full-Time,Male,Outside of Campus,"Digital/ Online (e-books, e-journals etc)",8,Moderate,Sometimes (4-7 times)
student 170,Degree,COETEC,Full-Time,Male,Within/ in school campus,"Digital/ Online (e-books, e-journals etc)",14,High,Rarely (1-3 times)
student 171,Degree,COETEC,Full-Time,Male,Within/ in school campus,"Physical/ Tangible (books, newspapers,journals)",16,High,Frequently (more than 7 times)
student 172,Degree,COETEC,Full-Time,Male,Outside of Campus,"Digital/ Online (e-books, e-journals etc)",10,Moderate,Rarely (1-3 times)
student 173,Degree,COHES,Full-Time,Male,Within/ in school campus,"Physical/ Tangible (books, newspapers,journals)",12,Moderate,Sometimes (4-7 times)
student 174,Degree,COHES,Full-Time,Male,Outside of Campus,"Physical/ Tangible (books, newspapers,journals)",10,Moderate,Sometimes (4-7 times)
student 175,Degree,COHES,Full-Time,Female,Outside of Campus,"Physical/ Tangible (books, newspapers,journals)",12,Moderate,Frequently (more than 7 times)
student 176,Degree,COHES,Full-Time,Male,Within/ in school campus,"Physical/ Tangible (books, newspapers,journals)",14,High,Frequently (more than 7 times)
student 177,Degree,COHES,Full-Time,Male,Within/ in school campus,"Digital/ Online (e-books, e-journals etc)",8,Moderate,Rarely (1-3 times)
student 178,Degree,COHES,Full-Time,Female,Outside of Campus,"Physical/ Tangible (books, newspapers,journals)",12,Moderate,Sometimes (4-7 times)
student 179,Degree,COHES,Full-Time,Male,Within/ in school campus,"Physical/ Tangible (books, newspapers,journals)",14,High,Frequently (more than 7 times)
student 180,Degree,COHES,Full-Time,Male,Outside of Campus,"Physical/ Tangible (books, newspapers,journals)",8,Moderate,Rarely (1-3 times)
student 181,Degree,COHES,Full-Time,Male,Within/ in school campus,"Digital/ Online (e-books, e-journals etc)",10,Moderate,Sometimes (4-7 times)
student 182,Degree,COHES,Full-Time,Female,Outside of Campus,"Physical/ Tangible (books, newspapers,journals)",8,Moderate,Rarely (1-3 times)
student 183,Degree,COHES,Full-Time,Female,Outside of Campus,"Physical/ Tangible (books, newspapers,journals)",0,Low,Sometimes (4-7 times)
student 184,Degree,COHES,Full-Time,Male,Within/ in school campus,"Physical/ Tangible (books, newspapers,journals)",10,Moderate,Sometimes (4-7 times)
student 185,Degree,COHES,Full-Time,Male,Within/ in school campus,"Digital/ Online (e-books, e-journals etc)",16,High,Sometimes (4-7 times)
student 186,Degree,COHES,Full-Time,Female,Within/ in school campus,"Digital/ Online (e-books, e-journals etc)",12,Moderate,Sometimes (4-7 times)
student 187,Degree,COHES,Full-Time,Male,Outside of Campus,"Physical/ Tangible (books, newspapers,journals)",16,High,Frequently (more than 7 times)
student 188,Degree,COHES,Full-Time,Male,Outside of Campus,"Digital/ Online (e-books, e-journals etc)",6,Low,Rarely (1-3 times)
student 189,Degree,COHES,Full-Time,Female,Within/ in school campus,"Physical/ Tangible (books, newspapers,journals)",12,Moderate,Sometimes (4-7 times)
student 190,Degree,COHES,Full-Time,Female,Outside of Campus,"Digital/ Online (e-books, e-journals etc)",8,Moderate,Rarely (1-3 times)
student 191,Degree,COHES,Full-Time,Male,Outside of Campus,"Physical/ Tangible (books, newspapers,journals)",12,Moderate,Sometimes (4-7 times)
student 192,Degree,COHES,Full-Time,Male,Within/ in school campus,"Digital/ Online (e-books, e-journals etc)",10,Moderate,Sometimes (4-7 times)
student 193,Degree,COHES,Full-Time,Male,Outside of Campus,"Physical/ Tangible (books, newspapers,journals)",6,Low,Rarely (1-3 times)
student 194,Degree,COHES,Full-Time,Male,Outside of Campus,"Digital/ Online (e-books, e-journals etc)",12,Moderate,Sometimes (4-7 times)
student 195,Degree,COHES,Full-Time,Female,Within/ in school campus,"Digital/ Online (e-books, e-journals etc)",16,High,Frequently (more than 7 times)
student 196,Degree,COHES,Full-Time,Male,Outside of Campus,"Physical/ Tangible (books, newspapers,journals)",10,Moderate,Sometimes (4-7 times)
student 197,Degree,COHES,Full-Time,Male,Outside of Campus,"Physical/ Tangible (books, newspapers,journals)",14,High,Sometimes (4-7 times)
student 198,Degree,COHES,Full-Time,Female,Within/ in school campus,"Digital/ Online (e-books, e-journals etc)",8,Moderate,Rarely (1-3 times)
student 199,Degree,COHES,Full-Time,Male,Outside of Campus,"Digital/ Online (e-books, e-journals etc)",12,Moderate,Sometimes (4-7 times)
student 200,Degree,COHES,Full-Time,Male,Within/ in school campus,"Physical/ Tangible (books, newspapers,journals)",14,High,Sometimes (4-7 times)
student 201,Degree,COHES,Full-Time,Female,Within/ in school campus,"Physical/ Tangible (books, newspapers,journals)",14,High,Frequently (more than 7 times)
student 202,Degree,COHES,Full-Time,Male,Within/ in school campus,"Digital/ Online (e-books, e-journals etc)",12,Moderate,Sometimes (4-7 times)
student 203,Degree,COHES,Full-Time,Male,Outside of Campus,"Physical/ Tangible (books, newspapers,journals)",8,Moderate,Rarely (1-3 times)
student 204,Degree,COHES,Full-Time,Male,Outside of Campus,"Physical/ Tangible (books, newspapers,journals)",8,Moderate,Rarely (1-3 times)
student 205,Degree,COHES,Full-Time,Female,Outside of Campus,"Digital/ Online (e-books, e-journals etc)",16,High,Sometimes (4-7 times)
student 206,Degree,COHES,Full-Time,Male,Within/ in school campus,"Physical/ Tangible (books, newspapers,journals)",16,High,Frequently (more than 7 times)
student 207,Degree,COHES,Full-Time,Male,Outside of Campus,"Physical/ Tangible (books, newspapers,journals)",6,Low,Rarely (1-3 times)
student 208,Degree,COHES,Full-Time,Female,Outside of Campus,"Digital/ Online (e-books, e-journals etc)",14,High,Sometimes (4-7 times)
student 209,Degree,COHES,Full-Time,Female,Outside of Campus,"Physical/ Tangible (books, newspapers,journals)",8,Moderate,Rarely (1-3 times)
student 210,Degree,COHES,Full-Time,Male,Within/ in school campus,"Physical/ Tangible (books, newspapers,journals)",4,Low,Rarely (1-3 times)
student 211,Degree,COHES,Full-Time,Female,Outside of Campus,"Physical/ Tangible (books, newspapers,journals)",14,High,Frequently (more than 7 times)
student 212,Degree,COHES,Full-Time,Male,Within/ in school campus,"Physical/ Tangible (books, newspapers,journals)",8,Moderate,Sometimes (4-7 times)
student 213,Degree,COPAS,Full-Time,Male,Outside of Campus,"Digital/ Online (e-books, e-journals etc)",18,High,Rarely (1-3 times)
student 214,Degree,COANRE,Full-Time,Male,Outside of Campus,"Digital/ Online (e-books, e-journals etc)",8,Moderate,Rarely (1-3 times)
student 215,Degree,COHES,Full-Time,Male,Outside of Campus,"Physical/ Tangible (books, newspapers,journals)",18,High,Frequently (more than 7 times)
student 216,Degree,COHES,Full-Time,Male,Within/ in school campus,"Digital/ Online (e-books, e-journals etc)",10,Moderate,Sometimes (4-7 times)
student 217,Degree,COHES,Full-Time,Female,Within/ in school campus,"Physical/ Tangible (books, newspapers,journals)",6,Low,Rarely (1-3 times)
student 218,Degree,COHES,Full-Time,Male,Outside of Campus,"Physical/ Tangible (books, newspapers,journals)",10,Moderate,Sometimes (4-7 times)
student 219,Degree,COHES,Full-Time,Male,Outside of Campus,"Digital/ Online (e-books, e-journals etc)",14,High,Sometimes (4-7 times)
student 220,Degree,COHES,Full-Time,Female,Within/ in school campus,"Physical/ Tangible (books, newspapers,journals)",10,Moderate,Rarely (1-3 times)
student 221,Degree,COHES,Full-Time,Male,Outside of Campus,"Digital/ Online (e-books, e-journals etc)",6,Low,Rarely (1-3 times)
student 222,Degree,COHES,Full-Time,Male,Outside of Campus,"Digital/ Online (e-books, e-journals etc)",14,High,Sometimes (4-7 times)
student 223,Degree,COHES,Full-Time,Female,Within/ in school campus,"Physical/ Tangible (books, newspapers,journals)",10,Moderate,Rarely (1-3 times)
student 224,Degree,COHES,Full-Time,Male,Within/ in school campus,"Digital/ Online (e-books, e-journals etc)",14,High,Frequently (more than 7 times)
student 225,Degree,COHES,Full-Time,Female,Within/ in school campus,"Physical/ Tangible (books, newspapers,journals)",6,Low,Rarely (1-3 times)
student 226,Degree,COHES,Full-Time,Female,Outside of Campus,"Physical/ Tangible (books, newspapers,journals)",12,Moderate,Sometimes (4-7 times)
student 227,Degree,COHES,Full-Time,Male,Within/ in school campus,"Digital/ Online (e-books, e-journals etc)",12,Moderate,Sometimes (4-7 times)
student 228,Degree,COHES,Full-Time,Male,Outside of Campus,"Digital/ Online (e-books, e-journals etc)",18,High,Frequently (more than 7 times)
student 229,Degree,COHES,Full-Time,Female,Within/ in school campus,"Physical/ Tangible (books, newspapers,journals)",6,Low,Rarely (1-3 times)
student 230,Degree,COHES,Full-Time,Male,Outside of Campus,"Physical/ Tangible (books, newspapers,journals)",8,Moderate,Rarely (1-3 times)
student 231,Degree,COHES,Full-Time,Male,Outside of Campus,"Digital/ Online (e-books, e-journals etc)",14,High,Sometimes (4-7 times)
student 232,Degree,COHES,Full-Time,Female,Within/ in school campus,"Physical/ Tangible (books, newspapers,journals)",8,Moderate,Rarely (1-3 times)
student 233,Degree,COHES,Full-Time,Female,Within/ in school campus,"Digital/ Online (e-books, e-journals etc)",14,High,Frequently (more than 7 times)
student 234,Degree,COHES,Full-Time,Male,Outside of Campus,"Digital/ Online (e-books, e-journals etc)",12,Moderate,Sometimes (4-7 times)
student 235,Diploma,COANRE,Part-Time,Female,Outside of Campus,"Physical/ Tangible (books, newspapers,journals)",4,Low,Rarely (1-3 times)
student 236,Diploma,COANRE,Full-Time,Male,Outside of Campus,"Physical/ Tangible (books, newspapers,journals)",8,Moderate,Sometimes (4-7 times)
student 237,Degree,COANRE,Part-Time,Male,Outside of Campus,"Digital/ Online (e-books, e-journals etc)",14,High,Frequently (more than 7 times)
student 238,Degree,COANRE,Full-Time,Male,Within/ in school campus,"Physical/ Tangible (books, newspapers,journals)",10,Moderate,Rarely (1-3 times)
student 239,Degree,COANRE,Full-Time,Male,Within/ in school campus,"Physical/ Tangible (books, newspapers,journals)",10,Moderate,Sometimes (4-7 times)
student 240,Degree,COANRE,Full-Time,Male,Within/ in school campus,"Physical/ Tangible (books, newspapers,journals)",12,Moderate,Sometimes (4-7 times)
student 241,Degree,COANRE,Full-Time,Male,Outside of Campus,"Digital/ Online (e-books, e-journals etc)",4,Low,Rarely (1-3 times)
student 242,Diploma,COANRE,Full-Time,Male,Outside of Campus,"Digital/ Online (e-books, e-journals etc)",14,High,Frequently (more than 7 times)
student 243,Degree,COANRE,Full-Time,Female,Within/ in school campus,"Digital/ Online (e-books, e-journals etc)",12,Moderate,Frequently (more than 7 times)
student 244,Degree,COANRE,Full-Time,Male,Outside of Campus,"Physical/ Tangible (books, newspapers,journals)",8,Moderate,Rarely (1-3 times)
student 245,Masters,COANRE,Full-Time,Male,Outside of Campus,"Digital/ Online (e-books, e-journals etc)",8,Moderate,Rarely (1-3 times)
student 246,Degree,COANRE,Full-Time,Male,Outside of Campus,"Physical/ Tangible (books, newspapers,journals)",10,Moderate,Rarely (1-3 times)
student 247,Diploma,COANRE,Part-Time,Female,Outside of Campus,"Digital/ Online (e-books, e-journals etc)",12,Moderate,Frequently (more than 7 times)
student 248,Degree,COANRE,Full-Time,Male,Within/ in school campus,"Physical/ Tangible (books, newspapers,journals)",10,Moderate,Sometimes (4-7 times)
student 249,Degree,COANRE,Part-Time,Female,Outside of Campus,"Digital/ Online (e-books, e-journals etc)",10,Moderate,Frequently (more than 7 times)
student 250,Degree,COANRE,Full-Time,Male,Within/ in school campus,"Digital/ Online (e-books, e-journals etc)",14,High,Sometimes (4-7 times)
student 251,Degree,COPAS,Full-Time,Male,Outside of Campus,"Physical/ Tangible (books, newspapers,journals)",8,Moderate,Rarely (1-3 times)
student 252,Degree,COPAS,Full-Time,Male,Outside of Campus,"Digital/ Online (e-books, e-journals etc)",14,High,Sometimes (4-7 times)
student 253,Degree,COPAS,Full-Time,Male,Within/ in school campus,"Digital/ Online (e-books, e-journals etc)",6,Low,Rarely (1-3 times)
student 254,Degree,COPAS,Full-Time,Male,Outside of Campus,"Physical/ Tangible (books, newspapers,journals)",14,High,Sometimes (4-7 times)
student 255,Degree,COPAS,Full-Time,Female,Outside of Campus,"Digital/ Online (e-books, e-journals etc)",6,Low,Rarely (1-3 times)
student 256,Degree,COPAS,Full-Time,Female,Outside of Campus,"Digital/ Online (e-books, e-journals etc)",10,Moderate,Rarely (1-3 times)
student 257,Degree,COPAS,Full-Time,Female,Outside of Campus,"Physical/ Tangible (books, newspapers,journals)",10,Moderate,Rarely (1-3 times)
student 258,Degree,COPAS,Part-Time,Female,Within/ in school campus,"Digital/ Online (e-books, e-journals etc)",10,Moderate,Rarely (1-3 times)
student 259,Degree,COPAS,Full-Time,Male,Outside of Campus,"Digital/ Online (e-books, e-journals etc)",4,Low,Rarely (1-3 times)
student 260,Degree,COPAS,Full-Time,Female,Outside of Campus,"Physical/ Tangible (books, newspapers,journals)",8,Moderate,Rarely (1-3 times)
student 261,Degree,COPAS,Full-Time,Female,Outside of Campus,"Digital/ Online (e-books, e-journals etc)",12,Moderate,Rarely (1-3 times)
student 262,Degree,COPAS,Full-Time,Female,Outside of Campus,"Digital/ Online (e-books, e-journals etc)",4,Low,Rarely (1-3 times)
student 263,Degree,COPAS,Full-Time,Male,Outside of Campus,"Digital/ Online (e-books, e-journals etc)",8,Moderate,Rarely (1-3 times)
student 264,Degree,COANRE,Full-Time,Female,Within/ in school campus,"Physical/ Tangible (books, newspapers,journals)",12,Moderate,Frequently (more than 7 times)
student 265,Degree,COANRE,Full-Time,Female,,"Physical/ Tangible (books, newspapers,journals)",4,Low,Rarely (1-3 times)
student 266,Diploma,COANRE,Part-Time,Male,Outside of Campus,"Digital/ Online (e-books, e-journals etc)",16,High,Frequently (more than 7 times)
student 267,Degree,COANRE,Full-Time,Male,Within/ in school campus,"Digital/ Online (e-books, e-journals etc)",4,Low,Rarely (1-3 times)
student 268,Degree,COANRE,Full-Time,Male,Within/ in school campus,"Digital/ Online (e-books, e-journals etc)",12,Moderate,Sometimes (4-7 times)
student 269,Degree,COANRE,Part-Time,Male,Outside of Campus,"Digital/ Online (e-books, e-journals etc)",6,Low,Rarely (1-3 times)
student 270,Degree,COANRE,Full-Time,Male,Within/ in school campus,"Physical/ Tangible (books, newspapers,journals)",4,Low,Rarely (1-3 times)
student 271,Diploma,COANRE,Part-Time,Female,Outside of Campus,"Physical/ Tangible (books, newspapers,journals)",8,Moderate,Rarely (1-3 times)
student 272,Degree,COANRE,Full-Time,Female,Outside of Campus,"Physical/ Tangible (books, newspapers,journals)",8,Moderate,Rarely (1-3 times)
student 273,Masters,COANRE,Part-Time,Male,Outside of Campus,"Digital/ Online (e-books, e-journals etc)",4,Low,Rarely (1-3 times)
student 274,Degree,COANRE,Full-Time,Male,Outside of Campus,"Digital/ Online (e-books, e-journals etc)",6,Low,Rarely (1-3 times)
student 275,Degree,COANRE,Part-Time,Female,Outside of Campus,"Digital/ Online (e-books, e-journals etc)",4,Low,Rarely (1-3 times)
student 276,Degree,COANRE,Full-Time,Female,Outside of Campus,"Physical/ Tangible (books, newspapers,journals)",4,Low,Rarely (1-3 times)
student 277,Degree,COANRE,Full-Time,Female,Within/ in school campus,"Physical/ Tangible (books, newspapers,journals)",4,Low,Rarely (1-3 times)
student 278,Degree,COANRE,Part-Time,Female,Outside of Campus,"Digital/ Online (e-books, e-journals etc)",6,Low,Rarely (1-3 times)
student 279,Degree,COANRE,Full-Time,Female,Outside of Campus,"Physical/ Tangible (books, newspapers,journals)",8,Moderate,Rarely (1-3 times)
student 280,Degree,COANRE,Full-Time,Female,Outside of Campus,"Physical/ Tangible (books, newspapers,journals)",4,Low,Rarely (1-3 times)
student 281,Diploma,COANRE,Part-Time,Female,Outside of Campus,"Physical/ Tangible (books, newspapers,journals)",4,Low,Rarely (1-3 times)
student 282,Diploma,COANRE,Part-Time,Female,Outside of Campus,"Physical/ Tangible (books, newspapers,journals)",16,High,Rarely (1-3 times)
student 283,Degree,COANRE,Full-Time,Female,Outside of Campus,"Physical/ Tangible (books, newspapers,journals)",8,Moderate,Rarely (1-3 times)
student 284,Diploma,COANRE,Part-Time,Female,Outside of Campus,"Physical/ Tangible (books, newspapers,journals)",8,Moderate,Rarely (1-3 times)
student 285,Degree,COANRE,Full-Time,Male,Outside of Campus,"Physical/ Tangible (books, newspapers,journals)",14,High,Frequently (more than 7 times)
student 286,Degree,COANRE,Full-Time,Female,Outside of Campus,"Physical/ Tangible (books, newspapers,journals)",6,Low,Rarely (1-3 times)
student 287,Diploma,COANRE,Part-Time,Female,Outside of Campus,"Physical/ Tangible (books, newspapers,journals)",6,Low,Rarely (1-3 times)
student 288,Degree,COANRE,Full-Time,Female,Outside of Campus,"Digital/ Online (e-books, e-journals etc)",6,Low,Rarely (1-3 times)
student 289,Diploma,COHRED,Part-Time,Female,Outside of Campus,"Physical/ Tangible (books, newspapers,journals)",6,Low,Rarely (1-3 times)
student 290,Diploma,COHRED,Full-Time,Male,Outside of Campus,"Physical/ Tangible (books, newspapers,journals)",6,Low,Rarely (1-3 times)
student 291,Degree,COHRED,Full-Time,Female,Within/ in school campus,"Physical/ Tangible (books, newspapers,journals)",10,Moderate,Sometimes (4-7 times)
student 292,Degree,COHRED,Full-Time,Male,Within/ in school campus,"Digital/ Online (e-books, e-journals etc)",14,High,Sometimes (4-7 times)
student 293,Degree,COHRED,Full-Time,Male,Outside of Campus,"Physical/ Tangible (books, newspapers,journals)",8,Moderate,Rarely (1-3 times)
student 294,Degree,COHRED,Full-Time,Male,Outside of Campus,"Digital/ Online (e-books, e-journals etc)",12,Moderate,Sometimes (4-7 times)
student 295,Degree,COHRED,Full-Time,Female,Within/ in school campus,"Physical/ Tangible (books, newspapers,journals)",10,Moderate,Sometimes (4-7 times)
student 296,Diploma,COHRED,Part-Time,Male,Outside of Campus,"Digital/ Online (e-books, e-journals etc)",16,High,Frequently (more than 7 times)
student 297,Degree,COHRED,Full-Time,Female,Outside of Campus,"Physical/ Tangible (books, newspapers,journals)",6,Low,Rarely (1-3 times)
student 298,Degree,COHRED,Full-Time,Female,Within/ in school campus,"Digital/ Online (e-books, e-journals etc)",12,Moderate,Sometimes (4-7 times)
student 299,Degree,COHRED,Full-Time,Female,Outside of Campus,"Digital/ Online (e-books, e-journals etc)",16,High,Sometimes (4-7 times)
student 300,Degree,COHRED,Full-Time,Male,Within/ in school campus,"Physical/ Tangible (books, newspapers,journals)",4,Low,Rarely (1-3 times)
student 301,Degree,COHRED,Full-Time,Male,Outside of Campus,"Digital/ Online (e-books, e-journals etc)",10,Moderate,Sometimes (4-7 times)
student 302,Degree,COHRED,Full-Time,Female,Outside of Campus,"Physical/ Tangible (books, newspapers,journals)",8,Moderate,Rarely (1-3 times)
student 303,Degree,COHRED,Full-Time,Male,Within/ in school campus,"Physical/ Tangible (books, newspapers,journals)",6,Low,Rarely (1-3 times)
student 304,Diploma,COHRED,Part-Time,Female,Outside of Campus,"Digital/ Online (e-books, e-journals etc)",14,High,Sometimes (4-7 times)
student 305,Degree,COHRED,Full-Time,Male,Within/ in school campus,"Physical/ Tangible (books, newspapers,journals)",10,Moderate,Sometimes (4-7 times)
student 306,Degree,COHRED,Full-Time,Male,Within/ in school campus,"Physical/ Tangible (books, newspapers,journals)",6,Low,Rarely (1-3 times)
student 307,Diploma,COHRED,Full-Time,Male,Outside of Campus,"Digital/ Online (e-books, e-journals etc)",12,Moderate,Sometimes (4-7 times)
student 308,Diploma,COHRED,Part-Time,Male,Outside of Campus,"Physical/ Tangible (books, newspapers,journals)",8,Moderate,Rarely (1-3 times)
student 309,Degree,COHRED,Full-Time,Female,Outside of Campus,"Physical/ Tangible (books, newspapers,journals)",4,Low,Rarely (1-3 times)
student 310,Diploma,COHRED,Part-Time,Male,Outside of Campus,"Digital/ Online (e-books, e-journals etc)",12,Moderate,Sometimes (4-7 times)
student 311,Degree,COHRED,Full-Time,Male,Within/ in school campus,"Physical/ Tangible (books, newspapers,journals)",12,Moderate,Sometimes (4-7 times)
student 312,Degree,COHRED,Full-Time,Female,Within/ in school campus,"Digital/ Online (e-books, e-journals etc)",16,High,Frequently (more than 7 times)
student 313,Degree,COHRED,Full-Time,Female,Within/ in school campus,"Physical/ Tangible (books, newspapers,journals)",4,Low,Rarely (1-3 times)
student 314,Degree,COHRED,Full-Time,Male,Outside of Campus,"Physical/ Tangible (books, newspapers,journals)",8,Moderate,Rarely (1-3 times)
student 315,Degree,COHRED,Full-Time,Male,Outside of Campus,"Digital/ Online (e-books, e-journals etc)",10,Moderate,Sometimes (4-7 times)
student 316,Degree,COHRED,Full-Time,Female,Within/ in school campus,"Digital/ Online (e-books, e-journals etc)",12,Moderate,Sometimes (4-7 times)
student 317,Degree,COHRED,Full-Time,Female,Within/ in school campus,"Physical/ Tangible (books, newspapers,journals)",4,Low,Rarely (1-3 times)
student 318,Diploma,COHRED,Part-Time,Female,Outside of Campus,"Physical/ Tangible (books, newspapers,journals)",4,Low,Rarely (1-3 times)
student 319,Degree,COHRED,Full-Time,Male,Within/ in school campus,"Physical/ Tangible (books, newspapers,journals)",8,Moderate,Rarely (1-3 times)
student 320,Degree,COHRED,Full-Time,Male,Outside of Campus,"Digital/ Online (e-books, e-journals etc)",16,High,Sometimes (4-7 times)
student 321,Degree,COHRED,Full-Time,Female,Within/ in school campus,"Digital/ Online (e-books, e-journals etc)",12,Moderate,Sometimes (4-7 times)
student 322,Degree,COHRED,Full-Time,Male,Outside of Campus,"Physical/ Tangible (books, newspapers,journals)",8,Moderate,Sometimes (4-7 times)
student 323,Degree,COHRED,Full-Time,Male,Outside of Campus,"Physical/ Tangible (books, newspapers,journals)",4,Low,Rarely (1-3 times)
student 324,Diploma,COHRED,Part-Time,Female,Within/ in school campus,"Physical/ Tangible (books, newspapers,journals)",10,Moderate,Sometimes (4-7 times)
student 325,Degree,COHRED,Full-Time,Male,Within/ in school campus,"Digital/ Online (e-books, e-journals etc)",16,High,Sometimes (4-7 times)
student 326,Degree,COHRED,Full-Time,Female,Within/ in school campus,"Physical/ Tangible (books, newspapers,journals)",6,Low,Rarely (1-3 times)
student 327,Degree,COHRED,Full-Time,Female,Outside of Campus,"Physical/ Tangible (books, newspapers,journals)",4,Low,Rarely (1-3 times)
student 328,Diploma,COHRED,Full-Time,Male,Outside of Campus,"Digital/ Online (e-books, e-journals etc)",12,Moderate,Sometimes (4-7 times)
student 329,Degree,COANRE,Full-Time,Female,Outside of Campus,"Physical/ Tangible (books, newspapers,journals)",6,Low,Rarely (1-3 times)
student 330,Degree,COANRE,Full-Time,Female,Outside of Campus,"Physical/ Tangible (books, newspapers,journals)",8,Moderate,Rarely (1-3 times)
student 331,Diploma,COANRE,Part-Time,Male,Outside of Campus,"Physical/ Tangible (books, newspapers,journals)",6,Low,Rarely (1-3 times)
student 332,Degree,COANRE,Full-Time,Male,Outside of Campus,"Physical/ Tangible (books, newspapers,journals)",6,Low,Rarely (1-3 times)
student 333,Degree,COANRE,Full-Time,Female,Within/ in school campus,"Digital/ Online (e-books, e-journals etc)",6,Low,Rarely (1-3 times)
student 334,Degree,COANRE,Full-Time,Female,Outside of Campus,"Physical/ Tangible (books, newspapers,journals)",6,Low,Rarely (1-3 times)
student 335,Degree,COANRE,Full-Time,Male,Outside of Campus,"Physical/ Tangible (books, newspapers,journals)",6,Low,Rarely (1-3 times)
student 336,Degree,COANRE,Full-Time,Female,Outside of Campus,"Physical/ Tangible (books, newspapers,journals)",6,Low,Rarely (1-3 times)
student 337,Diploma,COANRE,Part-Time,Male,Outside of Campus,"Physical/ Tangible (books, newspapers,journals)",8,Moderate,Rarely (1-3 times)
student 338,Degree,COANRE,Full-Time,Male,Outside of Campus,"Physical/ Tangible (books, newspapers,journals)",6,Low,Rarely (1-3 times)
student 339,Degree,COANRE,Full-Time,Female,Within/ in school campus,"Physical/ Tangible (books, newspapers,journals)",4,Low,Rarely (1-3 times)
student 340,Diploma,COANRE,Full-Time,Male,Outside of Campus,"Physical/ Tangible (books, newspapers,journals)",6,Low,Rarely (1-3 times)
student 341,Diploma,COANRE,Full-Time,Female,Outside of Campus,"Physical/ Tangible (books, newspapers,journals)",6,Low,Rarely (1-3 times)
student 342,Degree,COANRE,Full-Time,Female,Outside of Campus,"Physical/ Tangible (books, newspapers,journals)",6,Low,Rarely (1-3 times)
student 343,Degree,COANRE,Full-Time,Male,Within/ in school campus,"Digital/ Online (e-books, e-journals etc)",6,Low,Rarely (1-3 times)
student 344,Diploma,COANRE,Full-Time,Female,Within/ in school campus,"Physical/ Tangible (books, newspapers,journals)",6,Low,Rarely (1-3 times)
student 345,Degree,COANRE,Full-Time,Male,Outside of Campus,"Digital/ Online (e-books, e-journals etc)",6,Low,Rarely (1-3 times)
student 346,Degree,COPAS,Full-Time,Female,Within/ in school campus,"Digital/ Online (e-books, e-journals etc)",4,Low,Rarely (1-3 times)
student 347,Diploma,COPAS,Full-Time,Female,Outside of Campus,"Digital/ Online (e-books, e-journals etc)",6,Low,Rarely (1-3 times)
student 348,Diploma,COPAS,Full-Time,Female,Outside of Campus,"Digital/ Online (e-books, e-journals etc)",8,Moderate,Rarely (1-3 times)
student 349,Degree,COPAS,Full-Time,Female,Outside of Campus,"Digital/ Online (e-books, e-journals etc)",4,Low,Rarely (1-3 times)
student 350,Degree,COPAS,Full-Time,Female,Outside of Campus,"Digital/ Online (e-books, e-journals etc)",12,Moderate,Sometimes (4-7 times)
student 351,Degree,COPAS,Full-Time,Female,Within/ in school campus,"Physical/ Tangible (books, newspapers,journals)",8,Moderate,Rarely (1-3 times)
student 352,Diploma,COPAS,Full-Time,Female,Outside of Campus,"Digital/ Online (e-books, e-journals etc)",4,Low,Rarely (1-3 times)
student 353,Degree,COPAS,Full-Time,Female,Outside of Campus,"Digital/ Online (e-books, e-journals etc)",10,Moderate,Rarely (1-3 times)
student 354,Degree,COPAS,Full-Time,Male,Outside of Campus,"Digital/ Online (e-books, e-journals etc)",6,Low,Sometimes (4-7 times)
student 355,Degree,COPAS,Full-Time,Male,Outside of Campus,"Physical/ Tangible (books, newspapers,journals)",18,High,Rarely (1-3 times)
student 356,Degree,COPAS,Full-Time,Female,Within/ in school campus,"Digital/ Online (e-books, e-journals etc)",12,Moderate,Frequently (more than 7 times)
student 357,Degree,COPAS,Full-Time,Male,Outside of Campus,"Digital/ Online (e-books, e-journals etc)",12,Moderate,Frequently (more than 7 times)
student 358,Degree,COPAS,Full-Time,Female,Outside of Campus,"Digital/ Online (e-books, e-journals etc)",4,Low,Rarely (1-3 times)
student 359,Degree,COPAS,Full-Time,Female,Outside of Campus,"Physical/ Tangible (books, newspapers,journals)",14,High,Sometimes (4-7 times)
student 360,Degree,COPAS,Full-Time,Female,Outside of Campus,"Physical/ Tangible (books, newspapers,journals)",12,Moderate,Rarely (1-3 times)
student 361,Degree,COPAS,Full-Time,Female,Outside of Campus,"Digital/ Online (e-books, e-journals etc)",16,High,Rarely (1-3 times)
student 362,Degree,COHRED,Full-Time,Female,Within/ in school campus,"Physical/ Tangible (books, newspapers,journals)",4,Low,Rarely (1-3 times)
student 363,Degree,COHRED,Full-Time,Male,Within/ in school campus,"Physical/ Tangible (books, newspapers,journals)",8,Moderate,Sometimes (4-7 times)
student 364,Degree,COHRED,Full-Time,Male,Outside of Campus,"Physical/ Tangible (books, newspapers,journals)",2,Low,Rarely (1-3 times)
student 365,Degree,COHRED,Full-Time,Male,Outside of Campus,"Digital/ Online (e-books, e-journals etc)",16,High,Sometimes (4-7 times)
student 366,Degree,COHRED,Full-Time,Female,Outside of Campus,"Physical/ Tangible (books, newspapers,journals)",6,Low,Rarely (1-3 times)
student 367,Degree,COHRED,Full-Time,Female,Outside of Campus,"Digital/ Online (e-books, e-journals etc)",14,High,Sometimes (4-7 times)
student 368,Diploma,COHRED,Part-Time,Female,Outside of Campus,"Physical/ Tangible (books, newspapers,journals)",10,Moderate,Sometimes (4-7 times)
student 369,Degree,COHRED,Full-Time,Male,Within/ in school campus,"Digital/ Online (e-books, e-journals etc)",14,High,Sometimes (4-7 times)
student 370,Degree,COPAS,Full-Time,Female,Outside of Campus,"Physical/ Tangible (books, newspapers,journals)",8,Moderate,Rarely (1-3 times)
student 371,Degree,COHRED,Full-Time,Male,Outside of Campus,"Physical/ Tangible (books, newspapers,journals)",4,Low,Rarely (1-3 times)
student 372,Degree,COHRED,Full-Time,Male,Outside of Campus,"Physical/ Tangible (books, newspapers,journals)",14,High,Sometimes (4-7 times)
student 373,Degree,COPAS,Full-Time,Female,Within/ in school campus,"Digital/ Online (e-books, e-journals etc)",6,Low,Sometimes (4-7 times)
student 374,Degree,COPAS,Full-Time,Male,Outside of Campus,"Digital/ Online (e-books, e-journals etc)",8,Moderate,Rarely (1-3 times)
student 375,Degree,COPAS,Full-Time,Male,Within/ in school campus,"Digital/ Online (e-books, e-journals etc)",8,Moderate,Rarely (1-3 times)
student 376,Diploma,COPAS,Part-Time,Female,Outside of Campus,"Physical/ Tangible (books, newspapers,journals)",8,Moderate,Rarely (1-3 times)
student 377,Degree,COPAS,Full-Time,Female,Within/ in school campus,"Physical/ Tangible (books, newspapers,journals)",16,High,Frequently (more than 7 times)
student 378,Degree,COPAS,Full-Time,Male,Within/ in school campus,"Digital/ Online (e-books, e-journals etc)",18,High,Sometimes (4-7 times)
student 379,Diploma,COPAS,Part-Time,Male,Outside of Campus,"Digital/ Online (e-books, e-journals etc)",4,Low,Rarely (1-3 times)
student 380,Degree,COPAS,Full-Time,Male,Within/ in school campus,"Physical/ Tangible (books, newspapers,journals)",14,High,Sometimes (4-7 times)
student 381,Diploma,COPAS,Part-Time,Female,Outside of Campus,"Digital/ Online (e-books, e-journals etc)",6,Low,Rarely (1-3 times)
student 382,PhD,COPAS,Part-Time,Male,Outside of Campus,"Digital/ Online (e-books, e-journals etc)",12,Moderate,Sometimes (4-7 times)
student 383,Masters,COPAS,Part-Time,Female,Within/ in school campus,"Physical/ Tangible (books, newspapers,journals)",18,High,Frequently (more than 7 times)
student 384,Degree,COPAS,Full-Time,Female,Within/ in school campus,"Physical/ Tangible (books, newspapers,journals)",16,High,Frequently (more than 7 times)
student 385,Degree,COPAS,Full-Time,Female,Within/ in school campus,"Digital/ Online (e-books, e-journals etc)",14,High,Sometimes (4-7 times)
student 386,Diploma,COPAS,Part-Time,Male,Outside of Campus,"Digital/ Online (e-books, e-journals etc)",8,Moderate,Rarely (1-3 times)
student 387,Degree,COPAS,Full-Time,Female,Within/ in school campus,"Physical/ Tangible (books, newspapers,journals)",18,High,Sometimes (4-7 times)
student 388,Degree,COPAS,Full-Time,Male,Outside of Campus,"Digital/ Online (e-books, e-journals etc)",16,High,Rarely (1-3 times)
student 389,Diploma,COPAS,Part-Time,Male,Outside of Campus,"Digital/ Online (e-books, e-journals etc)",6,Low,Rarely (1-3 times)
student 390,Degree,COPAS,Full-Time,Male,Within/ in school campus,"Physical/ Tangible (books, newspapers,journals)",10,Moderate,Rarely (1-3 times)
student 391,Degree,COPAS,Part-Time,Female,Within/ in school campus,"Digital/ Online (e-books, e-journals etc)",4,Low,Rarely (1-3 times)
student 392,Degree,COPAS,Full-Time,Male,Within/ in school campus,"Digital/ Online (e-books, e-journals etc)",12,Moderate,Sometimes (4-7 times)
student 393,Degree,COPAS,Full-Time,Female,Outside of Campus,"Digital/ Online (e-books, e-journals etc)",18,High,Rarely (1-3 times)
student 394,Degree,COPAS,Full-Time,Male,Within/ in school campus,"Physical/ Tangible (books, newspapers,journals)",18,High,Sometimes (4-7 times)
student 395,Degree,COPAS,Full-Time,Male,Outside of Campus,"Digital/ Online (e-books, e-journals etc)",18,High,Sometimes (4-7 times)
student 396,Degree,COPAS,Full-Time,Male,Outside of Campus,"Digital/ Online (e-books, e-journals etc)",18,High,Rarely (1-3 times)
student 397,Degree,COPAS,Full-Time,Female,Outside of Campus,"Digital/ Online (e-books, e-journals etc)",16,High,Sometimes (4-7 times)
student 398,Degree,COPAS,Full-Time,Male,Outside of Campus,"Digital/ Online (e-books, e-journals etc)",14,High,Sometimes (4-7 times)
student 399,Degree,COPAS,Full-Time,Male,Outside of Campus,"Digital/ Online (e-books, e-journals etc)",14,High,Rarely (1-3 times)
student 400,Degree,COPAS,Full-Time,Male,Outside of Campus,"Physical/ Tangible (books, newspapers,journals)",14,High,Sometimes (4-7 times)
student 401,Degree,COPAS,Full-Time,Male,Outside of Campus,"Digital/ Online (e-books, e-journals etc)",18,High,Sometimes (4-7 times)
student 402,Degree,COPAS,Full-Time,Male,Outside of Campus,"Digital/ Online (e-books, e-journals etc)",18,High,Rarely (1-3 times)
student 403,Degree,COPAS,Full-Time,Male,Outside of Campus,"Digital/ Online (e-books, e-journals etc)",12,Moderate,Sometimes (4-7 times)
student 404,Degree,COPAS,Full-Time,Male,Outside of Campus,"Physical/ Tangible (books, newspapers,journals)",12,Moderate,Rarely (1-3 times)
